"metric","MSN","Hour","DateTime","proportion_lit","proportion_pel"
"BiomassConcentration_ugpL",1,"midnight","2019-07-11",0.0359740361374354,0.964025963862565
"BiomassConcentration_ugpL",1,"noon","2019-07-10",0.539235754094729,0.460764245905271
"BiomassConcentration_ugpL",1,"noon2","2019-07-11",0.151657840690983,0.848342159309017
"BiomassConcentration_ugpL",1,"sunrise1","2019-07-11",0.227192593434034,0.772807406565966
"BiomassConcentration_ugpL",1,"sunrise2","2019-07-11",0.140941137368776,0.859058862631224
"BiomassConcentration_ugpL",1,"sunrise3","2019-07-11",0.0809215276674292,0.919078472332571
"BiomassConcentration_ugpL",1,"sunrise4","2019-07-11",0.0372310662695811,0.962768933730419
"BiomassConcentration_ugpL",1,"sunset1","2019-07-10",0.0187862014413864,0.981213798558614
"BiomassConcentration_ugpL",1,"sunset2","2019-07-10",0.0320584703418942,0.967941529658106
"BiomassConcentration_ugpL",1,"sunset3","2019-07-10",0.0213398367910234,0.978660163208977
"BiomassConcentration_ugpL",1,"sunset4","2019-07-10",0.0218348184179032,0.978165181582097
"BiomassConcentration_ugpL",2,"midnight","2019-07-25",0.107764946576458,0.892235053423542
"BiomassConcentration_ugpL",2,"noon","2019-07-24",0.313553611077232,0.686446388922768
"BiomassConcentration_ugpL",2,"noon2","2019-07-25",0.113270092221967,0.886729907778033
"BiomassConcentration_ugpL",2,"sunrise1","2019-07-25",0.218675635714926,0.781324364285074
"BiomassConcentration_ugpL",2,"sunrise2","2019-07-25",0.12655959014091,0.87344040985909
"BiomassConcentration_ugpL",2,"sunrise3","2019-07-25",0.131746263409844,0.868253736590156
"BiomassConcentration_ugpL",2,"sunrise4","2019-07-25",0.160801169374356,0.839198830625644
"BiomassConcentration_ugpL",2,"sunset1","2019-07-24",0.0660501698946472,0.933949830105353
"BiomassConcentration_ugpL",2,"sunset2","2019-07-24",0.0878920060069999,0.912107993993
"BiomassConcentration_ugpL",2,"sunset3","2019-07-24",0.0972965235490442,0.902703476450956
"BiomassConcentration_ugpL",2,"sunset4","2019-07-24",0.161136956935249,0.838863043064751
"BiomassConcentration_ugpL",3,"midnight","2020-08-13",0.855117528353727,0.144882471646273
"BiomassConcentration_ugpL",3,"noon","2020-08-12",0.571283800657998,0.428716199342002
"BiomassConcentration_ugpL",3,"noon2","2020-08-13",0.209291366474906,0.790708633525094
"BiomassConcentration_ugpL",3,"sunrise1","2020-08-13",0.878532326986059,0.121467673013941
"BiomassConcentration_ugpL",3,"sunrise2","2020-08-13",0.949611784654047,0.0503882153459527
"BiomassConcentration_ugpL",3,"sunrise3","2020-08-13",0.662886867287119,0.337113132712881
"BiomassConcentration_ugpL",3,"sunrise4","2020-08-13",0.375578086270223,0.624421913729777
"BiomassConcentration_ugpL",3,"sunset1","2020-08-12",0.2493494338408,0.7506505661592
"BiomassConcentration_ugpL",3,"sunset2","2020-08-12",0.226833068439714,0.773166931560286
"BiomassConcentration_ugpL",3,"sunset3","2020-08-12",0.390919035135822,0.609080964864178
"BiomassConcentration_ugpL",3,"sunset4","2020-08-12",0.503466758372544,0.496533241627456
"BiomassConcentration_ugpL",4,"midnight","2021-06-16",0.327473134993396,0.672526865006604
"BiomassConcentration_ugpL",4,"noon","2021-06-15",0.102664253119742,0.897335746880258
"BiomassConcentration_ugpL",4,"noon2","2021-06-16",0.470895261155238,0.529104738844762
"BiomassConcentration_ugpL",4,"sunrise1","2021-06-16",0.361150512872835,0.638849487127165
"BiomassConcentration_ugpL",4,"sunrise2","2021-06-16",0.373190851820157,0.626809148179843
"BiomassConcentration_ugpL",4,"sunrise3","2021-06-16",0.329718065523552,0.670281934476448
"BiomassConcentration_ugpL",4,"sunrise4","2021-06-16",0.233030298017924,0.766969701982076
"BiomassConcentration_ugpL",4,"sunset1","2021-06-15",0.202523638162987,0.797476361837013
"BiomassConcentration_ugpL",4,"sunset2","2021-06-15",0.0607098893398661,0.939290110660134
"BiomassConcentration_ugpL",4,"sunset3","2021-06-15",0.190484545431067,0.809515454568932
"BiomassConcentration_ugpL",4,"sunset4","2021-06-15",0.0663264144119118,0.933673585588088
"BiomassConcentration_ugpL",5,"midnight","2021-07-08",0.303549590991814,0.696450409008186
"BiomassConcentration_ugpL",5,"noon","2021-07-07",0.147683546818457,0.852316453181543
"BiomassConcentration_ugpL",5,"noon2","2021-07-08",0.299079458679009,0.70092054132099
"BiomassConcentration_ugpL",5,"sunrise1","2021-07-08",0.148906932550996,0.851093067449004
"BiomassConcentration_ugpL",5,"sunrise2","2021-07-08",0.327720164395095,0.672279835604905
"BiomassConcentration_ugpL",5,"sunrise3","2021-07-08",0.313552138938931,0.686447861061069
"BiomassConcentration_ugpL",5,"sunrise4","2021-07-08",0.16126591762307,0.83873408237693
"BiomassConcentration_ugpL",5,"sunset1","2021-07-07",0.380376434135425,0.619623565864575
"BiomassConcentration_ugpL",5,"sunset2","2021-07-07",0.286833153254912,0.713166846745088
"BiomassConcentration_ugpL",5,"sunset3","2021-07-07",0.298302538637329,0.701697461362671
"BiomassConcentration_ugpL",5,"sunset4","2021-07-07",0.180306768054723,0.819693231945277
"Calanoida_BiomassConcentration_ugpL",1,"midnight","2019-07-11",0.335308253923636,0.664691746076364
"Calanoida_BiomassConcentration_ugpL",1,"noon","2019-07-10",0.546615765779695,0.453384234220305
"Calanoida_BiomassConcentration_ugpL",1,"noon2","2019-07-11",0,1
"Calanoida_BiomassConcentration_ugpL",1,"sunrise1","2019-07-11",0.268763835334265,0.731236164665735
"Calanoida_BiomassConcentration_ugpL",1,"sunrise2","2019-07-11",0.281734507564056,0.718265492435944
"Calanoida_BiomassConcentration_ugpL",1,"sunrise3","2019-07-11",0.140739272642268,0.859260727357732
"Calanoida_BiomassConcentration_ugpL",1,"sunrise4","2019-07-11",0.108851081378912,0.891148918621088
"Calanoida_BiomassConcentration_ugpL",1,"sunset1","2019-07-10",0,1
"Calanoida_BiomassConcentration_ugpL",1,"sunset2","2019-07-10",1,0
"Calanoida_BiomassConcentration_ugpL",1,"sunset3","2019-07-10",0,1
"Calanoida_BiomassConcentration_ugpL",1,"sunset4","2019-07-10",0.340185925529945,0.659814074470055
"Calanoida_BiomassConcentration_ugpL",2,"midnight","2019-07-25",0.377767581456171,0.622232418543829
"Calanoida_BiomassConcentration_ugpL",2,"noon","2019-07-24",0.351949081929829,0.648050918070171
"Calanoida_BiomassConcentration_ugpL",2,"noon2","2019-07-25",0.146812420605423,0.853187579394577
"Calanoida_BiomassConcentration_ugpL",2,"sunrise1","2019-07-25",0.0561828541196615,0.943817145880339
"Calanoida_BiomassConcentration_ugpL",2,"sunrise2","2019-07-25",0.124950174682571,0.875049825317429
"Calanoida_BiomassConcentration_ugpL",2,"sunrise3","2019-07-25",0.20144141452552,0.79855858547448
"Calanoida_BiomassConcentration_ugpL",2,"sunrise4","2019-07-25",0.167775411494945,0.832224588505055
"Calanoida_BiomassConcentration_ugpL",2,"sunset1","2019-07-24",0.0722809063625921,0.927719093637408
"Calanoida_BiomassConcentration_ugpL",2,"sunset2","2019-07-24",0.231500021538959,0.768499978461041
"Calanoida_BiomassConcentration_ugpL",2,"sunset3","2019-07-24",0.380199480768289,0.619800519231711
"Calanoida_BiomassConcentration_ugpL",2,"sunset4","2019-07-24",0.597424539897925,0.402575460102075
"Calanoida_BiomassConcentration_ugpL",3,"midnight","2020-08-13",1,0
"Calanoida_BiomassConcentration_ugpL",3,"noon","2020-08-12",1,0
"Calanoida_BiomassConcentration_ugpL",3,"noon2","2020-08-13",NA,NA
"Calanoida_BiomassConcentration_ugpL",3,"sunrise1","2020-08-13",NA,NA
"Calanoida_BiomassConcentration_ugpL",3,"sunrise2","2020-08-13",0.654040367492989,0.345959632507011
"Calanoida_BiomassConcentration_ugpL",3,"sunrise3","2020-08-13",NA,NA
"Calanoida_BiomassConcentration_ugpL",3,"sunrise4","2020-08-13",0,1
"Calanoida_BiomassConcentration_ugpL",3,"sunset1","2020-08-12",NA,NA
"Calanoida_BiomassConcentration_ugpL",3,"sunset2","2020-08-12",0,1
"Calanoida_BiomassConcentration_ugpL",3,"sunset3","2020-08-12",NA,NA
"Calanoida_BiomassConcentration_ugpL",3,"sunset4","2020-08-12",0.616981643440457,0.383018356559543
"Calanoida_BiomassConcentration_ugpL",4,"midnight","2021-06-16",0,1
"Calanoida_BiomassConcentration_ugpL",4,"noon","2021-06-15",NA,NA
"Calanoida_BiomassConcentration_ugpL",4,"noon2","2021-06-16",0,1
"Calanoida_BiomassConcentration_ugpL",4,"sunrise1","2021-06-16",NA,NA
"Calanoida_BiomassConcentration_ugpL",4,"sunrise2","2021-06-16",1,0
"Calanoida_BiomassConcentration_ugpL",4,"sunrise3","2021-06-16",1,0
"Calanoida_BiomassConcentration_ugpL",4,"sunrise4","2021-06-16",1,0
"Calanoida_BiomassConcentration_ugpL",4,"sunset1","2021-06-15",1,0
"Calanoida_BiomassConcentration_ugpL",4,"sunset2","2021-06-15",0,1
"Calanoida_BiomassConcentration_ugpL",4,"sunset3","2021-06-15",NA,NA
"Calanoida_BiomassConcentration_ugpL",4,"sunset4","2021-06-15",0,1
"Calanoida_BiomassConcentration_ugpL",5,"midnight","2021-07-08",0,1
"Calanoida_BiomassConcentration_ugpL",5,"noon","2021-07-07",NA,NA
"Calanoida_BiomassConcentration_ugpL",5,"noon2","2021-07-08",NA,NA
"Calanoida_BiomassConcentration_ugpL",5,"sunrise1","2021-07-08",NA,NA
"Calanoida_BiomassConcentration_ugpL",5,"sunrise2","2021-07-08",NA,NA
"Calanoida_BiomassConcentration_ugpL",5,"sunrise3","2021-07-08",NA,NA
"Calanoida_BiomassConcentration_ugpL",5,"sunrise4","2021-07-08",NA,NA
"Calanoida_BiomassConcentration_ugpL",5,"sunset1","2021-07-07",NA,NA
"Calanoida_BiomassConcentration_ugpL",5,"sunset2","2021-07-07",0.306792946206462,0.693207053793538
"Calanoida_BiomassConcentration_ugpL",5,"sunset3","2021-07-07",NA,NA
"Calanoida_BiomassConcentration_ugpL",5,"sunset4","2021-07-07",0,1
"Calanoida_density_NopL",1,"midnight","2019-07-11",0.264705882352941,0.735294117647059
"Calanoida_density_NopL",1,"noon","2019-07-10",0.50903377847604,0.49096622152396
"Calanoida_density_NopL",1,"noon2","2019-07-11",0,1
"Calanoida_density_NopL",1,"sunrise1","2019-07-11",0.363636363636363,0.636363636363637
"Calanoida_density_NopL",1,"sunrise2","2019-07-11",0.210526315789473,0.789473684210527
"Calanoida_density_NopL",1,"sunrise3","2019-07-11",0.132231404958678,0.867768595041322
"Calanoida_density_NopL",1,"sunrise4","2019-07-11",0.109375,0.890625
"Calanoida_density_NopL",1,"sunset1","2019-07-10",0,1
"Calanoida_density_NopL",1,"sunset2","2019-07-10",1,0
"Calanoida_density_NopL",1,"sunset3","2019-07-10",0,1
"Calanoida_density_NopL",1,"sunset4","2019-07-10",0.362416107382551,0.637583892617449
"Calanoida_density_NopL",2,"midnight","2019-07-25",0.360000000000001,0.639999999999999
"Calanoida_density_NopL",2,"noon","2019-07-24",0.242669362992922,0.757330637007078
"Calanoida_density_NopL",2,"noon2","2019-07-25",0.138858754610545,0.861141245389455
"Calanoida_density_NopL",2,"sunrise1","2019-07-25",0.0677966101694914,0.932203389830509
"Calanoida_density_NopL",2,"sunrise2","2019-07-25",0.121951219512195,0.878048780487805
"Calanoida_density_NopL",2,"sunrise3","2019-07-25",0.200830306175403,0.799169693824597
"Calanoida_density_NopL",2,"sunrise4","2019-07-25",0.157303370786517,0.842696629213483
"Calanoida_density_NopL",2,"sunset1","2019-07-24",0.0766073871409027,0.923392612859097
"Calanoida_density_NopL",2,"sunset2","2019-07-24",0.107142857142857,0.892857142857143
"Calanoida_density_NopL",2,"sunset3","2019-07-24",0.295774647887324,0.704225352112675
"Calanoida_density_NopL",2,"sunset4","2019-07-24",0.482758620689655,0.517241379310345
"Calanoida_density_NopL",3,"midnight","2020-08-13",1,0
"Calanoida_density_NopL",3,"noon","2020-08-12",1,0
"Calanoida_density_NopL",3,"noon2","2020-08-13",NA,NA
"Calanoida_density_NopL",3,"sunrise1","2020-08-13",NA,NA
"Calanoida_density_NopL",3,"sunrise2","2020-08-13",0.851063829787234,0.148936170212766
"Calanoida_density_NopL",3,"sunrise3","2020-08-13",NA,NA
"Calanoida_density_NopL",3,"sunrise4","2020-08-13",0,1
"Calanoida_density_NopL",3,"sunset1","2020-08-12",NA,NA
"Calanoida_density_NopL",3,"sunset2","2020-08-12",0,1
"Calanoida_density_NopL",3,"sunset3","2020-08-12",NA,NA
"Calanoida_density_NopL",3,"sunset4","2020-08-12",0.466666666666666,0.533333333333334
"Calanoida_density_NopL",4,"midnight","2021-06-16",0,1
"Calanoida_density_NopL",4,"noon","2021-06-15",NA,NA
"Calanoida_density_NopL",4,"noon2","2021-06-16",0,1
"Calanoida_density_NopL",4,"sunrise1","2021-06-16",NA,NA
"Calanoida_density_NopL",4,"sunrise2","2021-06-16",1,0
"Calanoida_density_NopL",4,"sunrise3","2021-06-16",1,0
"Calanoida_density_NopL",4,"sunrise4","2021-06-16",1,0
"Calanoida_density_NopL",4,"sunset1","2021-06-15",1,0
"Calanoida_density_NopL",4,"sunset2","2021-06-15",0,1
"Calanoida_density_NopL",4,"sunset3","2021-06-15",NA,NA
"Calanoida_density_NopL",4,"sunset4","2021-06-15",0,1
"Calanoida_density_NopL",5,"midnight","2021-07-08",0,1
"Calanoida_density_NopL",5,"noon","2021-07-07",NA,NA
"Calanoida_density_NopL",5,"noon2","2021-07-08",NA,NA
"Calanoida_density_NopL",5,"sunrise1","2021-07-08",NA,NA
"Calanoida_density_NopL",5,"sunrise2","2021-07-08",NA,NA
"Calanoida_density_NopL",5,"sunrise3","2021-07-08",NA,NA
"Calanoida_density_NopL",5,"sunrise4","2021-07-08",NA,NA
"Calanoida_density_NopL",5,"sunset1","2021-07-07",NA,NA
"Calanoida_density_NopL",5,"sunset2","2021-07-07",0.333333333333333,0.666666666666667
"Calanoida_density_NopL",5,"sunset3","2021-07-07",NA,NA
"Calanoida_density_NopL",5,"sunset4","2021-07-07",0,1
"Cladocera_BiomassConcentration_ugpL",1,"midnight","2019-07-11",0.0159762287337807,0.984023771266219
"Cladocera_BiomassConcentration_ugpL",1,"noon","2019-07-10",0.424744800037075,0.575255199962925
"Cladocera_BiomassConcentration_ugpL",1,"noon2","2019-07-11",0.185149119607506,0.814850880392494
"Cladocera_BiomassConcentration_ugpL",1,"sunrise1","2019-07-11",0.0709354118970563,0.929064588102944
"Cladocera_BiomassConcentration_ugpL",1,"sunrise2","2019-07-11",0.0155633670877668,0.984436632912233
"Cladocera_BiomassConcentration_ugpL",1,"sunrise3","2019-07-11",0.0692645851576391,0.930735414842361
"Cladocera_BiomassConcentration_ugpL",1,"sunrise4","2019-07-11",0.00215412240074604,0.997845877599254
"Cladocera_BiomassConcentration_ugpL",1,"sunset1","2019-07-10",0.00437497088994232,0.995625029110058
"Cladocera_BiomassConcentration_ugpL",1,"sunset2","2019-07-10",0.0132802115050702,0.98671978849493
"Cladocera_BiomassConcentration_ugpL",1,"sunset3","2019-07-10",0.00608260897478174,0.993917391025218
"Cladocera_BiomassConcentration_ugpL",1,"sunset4","2019-07-10",0.00617251884227652,0.993827481157724
"Cladocera_BiomassConcentration_ugpL",2,"midnight","2019-07-25",0.00640078943816959,0.99359921056183
"Cladocera_BiomassConcentration_ugpL",2,"noon","2019-07-24",0.167771437561918,0.832228562438082
"Cladocera_BiomassConcentration_ugpL",2,"noon2","2019-07-25",0.0087768337513671,0.991223166248633
"Cladocera_BiomassConcentration_ugpL",2,"sunrise1","2019-07-25",0.0925342345091691,0.907465765490831
"Cladocera_BiomassConcentration_ugpL",2,"sunrise2","2019-07-25",0.0538722749870282,0.946127725012972
"Cladocera_BiomassConcentration_ugpL",2,"sunrise3","2019-07-25",0.0657373037710174,0.934262696228983
"Cladocera_BiomassConcentration_ugpL",2,"sunrise4","2019-07-25",0.0912938940671026,0.908706105932897
"Cladocera_BiomassConcentration_ugpL",2,"sunset1","2019-07-24",0.0235804365588967,0.976419563441103
"Cladocera_BiomassConcentration_ugpL",2,"sunset2","2019-07-24",0,1
"Cladocera_BiomassConcentration_ugpL",2,"sunset3","2019-07-24",0.0252907701129937,0.974709229887006
"Cladocera_BiomassConcentration_ugpL",2,"sunset4","2019-07-24",0.0163052667983005,0.9836947332017
"Cladocera_BiomassConcentration_ugpL",3,"midnight","2020-08-13",0.913362762509468,0.0866372374905318
"Cladocera_BiomassConcentration_ugpL",3,"noon","2020-08-12",0.218671811376995,0.781328188623005
"Cladocera_BiomassConcentration_ugpL",3,"noon2","2020-08-13",0.235200160456085,0.764799839543915
"Cladocera_BiomassConcentration_ugpL",3,"sunrise1","2020-08-13",0.975187049936332,0.0248129500636675
"Cladocera_BiomassConcentration_ugpL",3,"sunrise2","2020-08-13",0.984553643359562,0.0154463566404379
"Cladocera_BiomassConcentration_ugpL",3,"sunrise3","2020-08-13",0.889551792978373,0.110448207021627
"Cladocera_BiomassConcentration_ugpL",3,"sunrise4","2020-08-13",0.605821158212088,0.394178841787912
"Cladocera_BiomassConcentration_ugpL",3,"sunset1","2020-08-12",0.143338941745809,0.856661058254191
"Cladocera_BiomassConcentration_ugpL",3,"sunset2","2020-08-12",0.0745770347801317,0.925422965219868
"Cladocera_BiomassConcentration_ugpL",3,"sunset3","2020-08-12",0.237418349668118,0.762581650331882
"Cladocera_BiomassConcentration_ugpL",3,"sunset4","2020-08-12",0.554595514882397,0.445404485117603
"Cladocera_BiomassConcentration_ugpL",4,"midnight","2021-06-16",0.269582754439639,0.730417245560361
"Cladocera_BiomassConcentration_ugpL",4,"noon","2021-06-15",0.0070518194447582,0.992948180555242
"Cladocera_BiomassConcentration_ugpL",4,"noon2","2021-06-16",0.374599134319785,0.625400865680215
"Cladocera_BiomassConcentration_ugpL",4,"sunrise1","2021-06-16",0.326133840481777,0.673866159518223
"Cladocera_BiomassConcentration_ugpL",4,"sunrise2","2021-06-16",0.352430142668116,0.647569857331884
"Cladocera_BiomassConcentration_ugpL",4,"sunrise3","2021-06-16",0.298659953647274,0.701340046352726
"Cladocera_BiomassConcentration_ugpL",4,"sunrise4","2021-06-16",0.198702151522817,0.801297848477183
"Cladocera_BiomassConcentration_ugpL",4,"sunset1","2021-06-15",0.160720435800228,0.839279564199772
"Cladocera_BiomassConcentration_ugpL",4,"sunset2","2021-06-15",0.0416711932275652,0.958328806772435
"Cladocera_BiomassConcentration_ugpL",4,"sunset3","2021-06-15",0.0890002259404173,0.910999774059583
"Cladocera_BiomassConcentration_ugpL",4,"sunset4","2021-06-15",0.041845855805079,0.958154144194921
"Cladocera_BiomassConcentration_ugpL",5,"midnight","2021-07-08",0.101029059926319,0.898970940073681
"Cladocera_BiomassConcentration_ugpL",5,"noon","2021-07-07",0.00823636541173709,0.991763634588263
"Cladocera_BiomassConcentration_ugpL",5,"noon2","2021-07-08",0.00324931722368768,0.996750682776312
"Cladocera_BiomassConcentration_ugpL",5,"sunrise1","2021-07-08",0.0389751360883466,0.961024863911653
"Cladocera_BiomassConcentration_ugpL",5,"sunrise2","2021-07-08",0.0877241596771971,0.912275840322803
"Cladocera_BiomassConcentration_ugpL",5,"sunrise3","2021-07-08",0.0263224994464052,0.973677500553595
"Cladocera_BiomassConcentration_ugpL",5,"sunrise4","2021-07-08",0.0379049997174586,0.962095000282541
"Cladocera_BiomassConcentration_ugpL",5,"sunset1","2021-07-07",0,1
"Cladocera_BiomassConcentration_ugpL",5,"sunset2","2021-07-07",0,1
"Cladocera_BiomassConcentration_ugpL",5,"sunset3","2021-07-07",0,1
"Cladocera_BiomassConcentration_ugpL",5,"sunset4","2021-07-07",0.00667685492114373,0.993323145078856
"Cladocera_density_NopL",1,"midnight","2019-07-11",0.036522952853598,0.963477047146402
"Cladocera_density_NopL",1,"noon","2019-07-10",0.457562220804085,0.542437779195915
"Cladocera_density_NopL",1,"noon2","2019-07-11",0.201798335016097,0.798201664983903
"Cladocera_density_NopL",1,"sunrise1","2019-07-11",0.112359550561797,0.887640449438203
"Cladocera_density_NopL",1,"sunrise2","2019-07-11",0.0673211781206171,0.932678821879383
"Cladocera_density_NopL",1,"sunrise3","2019-07-11",0.0731335703402742,0.926866429659726
"Cladocera_density_NopL",1,"sunrise4","2019-07-11",0.0544090056285177,0.945590994371482
"Cladocera_density_NopL",1,"sunset1","2019-07-10",0.00659604237457526,0.993403957625425
"Cladocera_density_NopL",1,"sunset2","2019-07-10",0.0184718723761545,0.981528127623845
"Cladocera_density_NopL",1,"sunset3","2019-07-10",0.0136763269293389,0.986323673070661
"Cladocera_density_NopL",1,"sunset4","2019-07-10",0.019262603461249,0.980737396538751
"Cladocera_density_NopL",2,"midnight","2019-07-25",0.0431802604523647,0.956819739547635
"Cladocera_density_NopL",2,"noon","2019-07-24",0.0809352517985609,0.919064748201439
"Cladocera_density_NopL",2,"noon2","2019-07-25",0.0266010507415043,0.973398949258496
"Cladocera_density_NopL",2,"sunrise1","2019-07-25",0.136807817589577,0.863192182410423
"Cladocera_density_NopL",2,"sunrise2","2019-07-25",0.129807692307692,0.870192307692308
"Cladocera_density_NopL",2,"sunrise3","2019-07-25",0.152782143979881,0.847217856020119
"Cladocera_density_NopL",2,"sunrise4","2019-07-25",0.188640973630832,0.811359026369168
"Cladocera_density_NopL",2,"sunset1","2019-07-24",0.0251008516360377,0.974899148363962
"Cladocera_density_NopL",2,"sunset2","2019-07-24",0.107142857142857,0.892857142857143
"Cladocera_density_NopL",2,"sunset3","2019-07-24",0.0914036996735589,0.908596300326441
"Cladocera_density_NopL",2,"sunset4","2019-07-24",0.0842824601366746,0.915717539863325
"Cladocera_density_NopL",3,"midnight","2020-08-13",0.910665944775311,0.0893340552246889
"Cladocera_density_NopL",3,"noon","2020-08-12",0.448857994041708,0.551142005958292
"Cladocera_density_NopL",3,"noon2","2020-08-13",0.381797146162747,0.618202853837253
"Cladocera_density_NopL",3,"sunrise1","2020-08-13",0.954160900517883,0.0458390994821168
"Cladocera_density_NopL",3,"sunrise2","2020-08-13",0.977662674004532,0.0223373259954678
"Cladocera_density_NopL",3,"sunrise3","2020-08-13",0.910450240903805,0.0895497590961954
"Cladocera_density_NopL",3,"sunrise4","2020-08-13",0.705073086844369,0.294926913155631
"Cladocera_density_NopL",3,"sunset1","2020-08-12",0.445544554455446,0.554455445544554
"Cladocera_density_NopL",3,"sunset2","2020-08-12",0.266692248656946,0.733307751343054
"Cladocera_density_NopL",3,"sunset3","2020-08-12",0.428604171441669,0.571395828558331
"Cladocera_density_NopL",3,"sunset4","2020-08-12",0.624535315985131,0.375464684014869
"Cladocera_density_NopL",4,"midnight","2021-06-16",0.286245353159852,0.713754646840148
"Cladocera_density_NopL",4,"noon","2021-06-15",0.0291298628077429,0.970870137192257
"Cladocera_density_NopL",4,"noon2","2021-06-16",0.345549738219895,0.654450261780105
"Cladocera_density_NopL",4,"sunrise1","2021-06-16",0.372384937238493,0.627615062761507
"Cladocera_density_NopL",4,"sunrise2","2021-06-16",0.34192672998643,0.65807327001357
"Cladocera_density_NopL",4,"sunrise3","2021-06-16",0.3805918788713,0.6194081211287
"Cladocera_density_NopL",4,"sunrise4","2021-06-16",0.223880597014925,0.776119402985075
"Cladocera_density_NopL",4,"sunset1","2021-06-15",0.162393162393162,0.837606837606838
"Cladocera_density_NopL",4,"sunset2","2021-06-15",0.0296084049665711,0.970391595033429
"Cladocera_density_NopL",4,"sunset3","2021-06-15",0.0913484775253749,0.908651522474625
"Cladocera_density_NopL",4,"sunset4","2021-06-15",0.0458462599103758,0.954153740089624
"Cladocera_density_NopL",5,"midnight","2021-07-08",0.175157756713197,0.824842243286803
"Cladocera_density_NopL",5,"noon","2021-07-07",0.032066704017401,0.967933295982599
"Cladocera_density_NopL",5,"noon2","2021-07-08",0.073684210526316,0.926315789473684
"Cladocera_density_NopL",5,"sunrise1","2021-07-08",0.0586206896551725,0.941379310344827
"Cladocera_density_NopL",5,"sunrise2","2021-07-08",0.219047619047618,0.780952380952382
"Cladocera_density_NopL",5,"sunrise3","2021-07-08",0.121951219512195,0.878048780487805
"Cladocera_density_NopL",5,"sunrise4","2021-07-08",0.0638297872340427,0.936170212765957
"Cladocera_density_NopL",5,"sunset1","2021-07-07",0,1
"Cladocera_density_NopL",5,"sunset2","2021-07-07",0,1
"Cladocera_density_NopL",5,"sunset3","2021-07-07",0,1
"Cladocera_density_NopL",5,"sunset4","2021-07-07",0.0373134328358209,0.962686567164179
"Copepoda_BiomassConcentration_ugpL",1,"midnight","2019-07-11",0.124199377935035,0.875800622064965
"Copepoda_BiomassConcentration_ugpL",1,"noon","2019-07-10",0.319402602394126,0.680597397605874
"Copepoda_BiomassConcentration_ugpL",1,"noon2","2019-07-11",0.100638377346131,0.899361622653869
"Copepoda_BiomassConcentration_ugpL",1,"sunrise1","2019-07-11",0.458356795947628,0.541643204052371
"Copepoda_BiomassConcentration_ugpL",1,"sunrise2","2019-07-11",0.31085203321645,0.68914796678355
"Copepoda_BiomassConcentration_ugpL",1,"sunrise3","2019-07-11",0.113448603432196,0.886551396567804
"Copepoda_BiomassConcentration_ugpL",1,"sunrise4","2019-07-11",0.0614559883930917,0.938544011606908
"Copepoda_BiomassConcentration_ugpL",1,"sunset1","2019-07-10",0.102289224764156,0.897710775235844
"Copepoda_BiomassConcentration_ugpL",1,"sunset2","2019-07-10",0.0618739298409717,0.938126070159028
"Copepoda_BiomassConcentration_ugpL",1,"sunset3","2019-07-10",0.0290764188790266,0.970923581120973
"Copepoda_BiomassConcentration_ugpL",1,"sunset4","2019-07-10",0.11242849729606,0.88757150270394
"Copepoda_BiomassConcentration_ugpL",2,"midnight","2019-07-25",0.283801924105915,0.716198075894085
"Copepoda_BiomassConcentration_ugpL",2,"noon","2019-07-24",0.362805840931552,0.637194159068448
"Copepoda_BiomassConcentration_ugpL",2,"noon2","2019-07-25",0.308327485970851,0.691672514029149
"Copepoda_BiomassConcentration_ugpL",2,"sunrise1","2019-07-25",0.326927872054127,0.673072127945873
"Copepoda_BiomassConcentration_ugpL",2,"sunrise2","2019-07-25",0.280443577381211,0.719556422618789
"Copepoda_BiomassConcentration_ugpL",2,"sunrise3","2019-07-25",0.16768236773757,0.83231763226243
"Copepoda_BiomassConcentration_ugpL",2,"sunrise4","2019-07-25",0.243031592025542,0.756968407974458
"Copepoda_BiomassConcentration_ugpL",2,"sunset1","2019-07-24",0.0996736643959847,0.900326335604015
"Copepoda_BiomassConcentration_ugpL",2,"sunset2","2019-07-24",0.128689499681321,0.871310500318679
"Copepoda_BiomassConcentration_ugpL",2,"sunset3","2019-07-24",0.117271432484257,0.882728567515743
"Copepoda_BiomassConcentration_ugpL",2,"sunset4","2019-07-24",0.342445107502524,0.657554892497476
"Copepoda_BiomassConcentration_ugpL",3,"midnight","2020-08-13",0.659561588054789,0.340438411945211
"Copepoda_BiomassConcentration_ugpL",3,"noon","2020-08-12",0.762634244822477,0.237365755177523
"Copepoda_BiomassConcentration_ugpL",3,"noon2","2020-08-13",0.140595804545209,0.859404195454791
"Copepoda_BiomassConcentration_ugpL",3,"sunrise1","2020-08-13",0.606869417031492,0.393130582968508
"Copepoda_BiomassConcentration_ugpL",3,"sunrise2","2020-08-13",0.715961547931335,0.284038452068665
"Copepoda_BiomassConcentration_ugpL",3,"sunrise3","2020-08-13",0.45589677180779,0.54410322819221
"Copepoda_BiomassConcentration_ugpL",3,"sunrise4","2020-08-13",0.111592952532533,0.888407047467467
"Copepoda_BiomassConcentration_ugpL",3,"sunset1","2020-08-12",0.188735287716422,0.811264712283578
"Copepoda_BiomassConcentration_ugpL",3,"sunset2","2020-08-12",0.119500953787873,0.880499046212127
"Copepoda_BiomassConcentration_ugpL",3,"sunset3","2020-08-12",0.195078712233369,0.804921287766631
"Copepoda_BiomassConcentration_ugpL",3,"sunset4","2020-08-12",0.418352452742726,0.581647547257274
"Copepoda_BiomassConcentration_ugpL",4,"midnight","2021-06-16",0.527579242034938,0.472420757965062
"Copepoda_BiomassConcentration_ugpL",4,"noon","2021-06-15",0.33266118847101,0.66733881152899
"Copepoda_BiomassConcentration_ugpL",4,"noon2","2021-06-16",0.579009040116274,0.420990959883726
"Copepoda_BiomassConcentration_ugpL",4,"sunrise1","2021-06-16",0.580758489557568,0.419241510442432
"Copepoda_BiomassConcentration_ugpL",4,"sunrise2","2021-06-16",0.45043781339484,0.54956218660516
"Copepoda_BiomassConcentration_ugpL",4,"sunrise3","2021-06-16",0.402703320755805,0.597296679244195
"Copepoda_BiomassConcentration_ugpL",4,"sunrise4","2021-06-16",0.38824269176254,0.61175730823746
"Copepoda_BiomassConcentration_ugpL",4,"sunset1","2021-06-15",0.312985509741815,0.687014490258185
"Copepoda_BiomassConcentration_ugpL",4,"sunset2","2021-06-15",0.11753426642243,0.88246573357757
"Copepoda_BiomassConcentration_ugpL",4,"sunset3","2021-06-15",0.457178558588764,0.542821441411235
"Copepoda_BiomassConcentration_ugpL",4,"sunset4","2021-06-15",0.229204411929,0.770795588071
"Copepoda_BiomassConcentration_ugpL",5,"midnight","2021-07-08",0.413007740667204,0.586992259332796
"Copepoda_BiomassConcentration_ugpL",5,"noon","2021-07-07",0.226812593381607,0.773187406618393
"Copepoda_BiomassConcentration_ugpL",5,"noon2","2021-07-08",0.341120987389773,0.658879012610227
"Copepoda_BiomassConcentration_ugpL",5,"sunrise1","2021-07-08",0.457366325826471,0.542633674173529
"Copepoda_BiomassConcentration_ugpL",5,"sunrise2","2021-07-08",0.616418101987161,0.383581898012839
"Copepoda_BiomassConcentration_ugpL",5,"sunrise3","2021-07-08",0.420375829149388,0.579624170850612
"Copepoda_BiomassConcentration_ugpL",5,"sunrise4","2021-07-08",0.128719185251069,0.871280814748931
"Copepoda_BiomassConcentration_ugpL",5,"sunset1","2021-07-07",0.253241977581233,0.746758022418767
"Copepoda_BiomassConcentration_ugpL",5,"sunset2","2021-07-07",0.17882748031915,0.82117251968085
"Copepoda_BiomassConcentration_ugpL",5,"sunset3","2021-07-07",0.173634543007788,0.826365456992212
"Copepoda_BiomassConcentration_ugpL",5,"sunset4","2021-07-07",0.330276413325369,0.669723586674631
"Copepoda_density_NopL",1,"midnight","2019-07-11",0.100112485939258,0.899887514060742
"Copepoda_density_NopL",1,"noon","2019-07-10",0.416744434075456,0.583255565924544
"Copepoda_density_NopL",1,"noon2","2019-07-11",0.207985873922177,0.792014126077823
"Copepoda_density_NopL",1,"sunrise1","2019-07-11",0.329073482428115,0.670926517571885
"Copepoda_density_NopL",1,"sunrise2","2019-07-11",0.257028112449799,0.742971887550201
"Copepoda_density_NopL",1,"sunrise3","2019-07-11",0.148606811145511,0.851393188854489
"Copepoda_density_NopL",1,"sunrise4","2019-07-11",0.122492080253431,0.877507919746569
"Copepoda_density_NopL",1,"sunset1","2019-07-10",0.0734737979470555,0.926526202052945
"Copepoda_density_NopL",1,"sunset2","2019-07-10",0.102416570771001,0.897583429228999
"Copepoda_density_NopL",1,"sunset3","2019-07-10",0.0450450450450452,0.954954954954955
"Copepoda_density_NopL",1,"sunset4","2019-07-10",0.107341445724877,0.892658554275123
"Copepoda_density_NopL",2,"midnight","2019-07-25",0.244227203775493,0.755772796224507
"Copepoda_density_NopL",2,"noon","2019-07-24",0.420482152868622,0.579517847131378
"Copepoda_density_NopL",2,"noon2","2019-07-25",0.44445544309436,0.55554455690564
"Copepoda_density_NopL",2,"sunrise1","2019-07-25",0.280674245393963,0.719325754606037
"Copepoda_density_NopL",2,"sunrise2","2019-07-25",0.263482280431434,0.736517719568567
"Copepoda_density_NopL",2,"sunrise3","2019-07-25",0.17514729512587,0.82485270487413
"Copepoda_density_NopL",2,"sunrise4","2019-07-25",0.230769230769231,0.769230769230769
"Copepoda_density_NopL",2,"sunset1","2019-07-24",0.109355484625602,0.890644515374398
"Copepoda_density_NopL",2,"sunset2","2019-07-24",0.112607099143207,0.887392900856793
"Copepoda_density_NopL",2,"sunset3","2019-07-24",0.108468125594672,0.891531874405328
"Copepoda_density_NopL",2,"sunset4","2019-07-24",0.19872654155496,0.80127345844504
"Copepoda_density_NopL",3,"midnight","2020-08-13",0.654867256637168,0.345132743362832
"Copepoda_density_NopL",3,"noon","2020-08-12",0.768153980752407,0.231846019247594
"Copepoda_density_NopL",3,"noon2","2020-08-13",0.159273242095328,0.840726757904672
"Copepoda_density_NopL",3,"sunrise1","2020-08-13",0.661137083396169,0.338862916603831
"Copepoda_density_NopL",3,"sunrise2","2020-08-13",0.722495894909688,0.277504105090312
"Copepoda_density_NopL",3,"sunrise3","2020-08-13",0.423797881010594,0.576202118989406
"Copepoda_density_NopL",3,"sunrise4","2020-08-13",0.111619600401831,0.888380399598169
"Copepoda_density_NopL",3,"sunset1","2020-08-12",0.0885536241390619,0.911446375860938
"Copepoda_density_NopL",3,"sunset2","2020-08-12",0.107181136120043,0.892818863879957
"Copepoda_density_NopL",3,"sunset3","2020-08-12",0.205657399538667,0.794342600461333
"Copepoda_density_NopL",3,"sunset4","2020-08-12",0.389126450824679,0.610873549175321
"Copepoda_density_NopL",4,"midnight","2021-06-16",0.497326203208556,0.502673796791444
"Copepoda_density_NopL",4,"noon","2021-06-15",0.363051470588235,0.636948529411765
"Copepoda_density_NopL",4,"noon2","2021-06-16",0.589285714285714,0.410714285714286
"Copepoda_density_NopL",4,"sunrise1","2021-06-16",0.442105263157894,0.557894736842106
"Copepoda_density_NopL",4,"sunrise2","2021-06-16",0.441903019213175,0.558096980786825
"Copepoda_density_NopL",4,"sunrise3","2021-06-16",0.440559440559441,0.559440559440559
"Copepoda_density_NopL",4,"sunrise4","2021-06-16",0.417910447761194,0.582089552238806
"Copepoda_density_NopL",4,"sunset1","2021-06-15",0.270588235294117,0.729411764705883
"Copepoda_density_NopL",4,"sunset2","2021-06-15",0.100591715976331,0.899408284023669
"Copepoda_density_NopL",4,"sunset3","2021-06-15",0.384359400998336,0.615640599001664
"Copepoda_density_NopL",4,"sunset4","2021-06-15",0.323181049069375,0.676818950930625
"Copepoda_density_NopL",5,"midnight","2021-07-08",0.428079758959409,0.571920241040591
"Copepoda_density_NopL",5,"noon","2021-07-07",0.257728998500463,0.742271001499537
"Copepoda_density_NopL",5,"noon2","2021-07-08",0.368421052631578,0.631578947368422
"Copepoda_density_NopL",5,"sunrise1","2021-07-08",0.3659793814433,0.6340206185567
"Copepoda_density_NopL",5,"sunrise2","2021-07-08",0.579487179487179,0.420512820512821
"Copepoda_density_NopL",5,"sunrise3","2021-07-08",0.426356589147288,0.573643410852712
"Copepoda_density_NopL",5,"sunrise4","2021-07-08",0.147826086956522,0.852173913043478
"Copepoda_density_NopL",5,"sunset1","2021-07-07",0.301587301587303,0.698412698412697
"Copepoda_density_NopL",5,"sunset2","2021-07-07",0.21455938697318,0.78544061302682
"Copepoda_density_NopL",5,"sunset3","2021-07-07",0.195652173913044,0.804347826086956
"Copepoda_density_NopL",5,"sunset4","2021-07-07",0.440414507772021,0.559585492227979
"Cyclopoida_BiomassConcentration_ugpL",1,"midnight","2019-07-11",0.194101067374209,0.805898932625791
"Cyclopoida_BiomassConcentration_ugpL",1,"noon","2019-07-10",0.231761455253074,0.768238544746926
"Cyclopoida_BiomassConcentration_ugpL",1,"noon2","2019-07-11",0.0491134701683049,0.950886529831695
"Cyclopoida_BiomassConcentration_ugpL",1,"sunrise1","2019-07-11",0.576034283879669,0.423965716120331
"Cyclopoida_BiomassConcentration_ugpL",1,"sunrise2","2019-07-11",0.360241895633256,0.639758104366744
"Cyclopoida_BiomassConcentration_ugpL",1,"sunrise3","2019-07-11",0.114232846319316,0.885767153680684
"Cyclopoida_BiomassConcentration_ugpL",1,"sunrise4","2019-07-11",0.0310584148187745,0.968941585181226
"Cyclopoida_BiomassConcentration_ugpL",1,"sunset1","2019-07-10",0.146968825669491,0.853031174330509
"Cyclopoida_BiomassConcentration_ugpL",1,"sunset2","2019-07-10",0.0534181328173051,0.946581867182695
"Cyclopoida_BiomassConcentration_ugpL",1,"sunset3","2019-07-10",0.0342079859408272,0.965792014059173
"Cyclopoida_BiomassConcentration_ugpL",1,"sunset4","2019-07-10",0.135638400885288,0.864361599114712
"Cyclopoida_BiomassConcentration_ugpL",2,"midnight","2019-07-25",0.292295186331179,0.707704813668821
"Cyclopoida_BiomassConcentration_ugpL",2,"noon","2019-07-24",0.106420873905709,0.893579126094291
"Cyclopoida_BiomassConcentration_ugpL",2,"noon2","2019-07-25",0.201535934051847,0.798464065948153
"Cyclopoida_BiomassConcentration_ugpL",2,"sunrise1","2019-07-25",0.528875104643764,0.471124895356236
"Cyclopoida_BiomassConcentration_ugpL",2,"sunrise2","2019-07-25",0.478742639773808,0.521257360226192
"Cyclopoida_BiomassConcentration_ugpL",2,"sunrise3","2019-07-25",0.174125253427949,0.825874746572051
"Cyclopoida_BiomassConcentration_ugpL",2,"sunrise4","2019-07-25",0.663006954453347,0.336993045546653
"Cyclopoida_BiomassConcentration_ugpL",2,"sunset1","2019-07-24",0.128210246591553,0.871789753408447
"Cyclopoida_BiomassConcentration_ugpL",2,"sunset2","2019-07-24",0.167474693666021,0.832525306333979
"Cyclopoida_BiomassConcentration_ugpL",2,"sunset3","2019-07-24",0.122804631854429,0.877195368145571
"Cyclopoida_BiomassConcentration_ugpL",2,"sunset4","2019-07-24",0.522071935398607,0.477928064601393
"Cyclopoida_BiomassConcentration_ugpL",3,"midnight","2020-08-13",0.758283343149027,0.241716656850973
"Cyclopoida_BiomassConcentration_ugpL",3,"noon","2020-08-12",1,0
"Cyclopoida_BiomassConcentration_ugpL",3,"noon2","2020-08-13",0.0405168427975808,0.959483157202419
"Cyclopoida_BiomassConcentration_ugpL",3,"sunrise1","2020-08-13",0.285541056270413,0.714458943729587
"Cyclopoida_BiomassConcentration_ugpL",3,"sunrise2","2020-08-13",0.821830714787205,0.178169285212795
"Cyclopoida_BiomassConcentration_ugpL",3,"sunrise3","2020-08-13",0.623028975603537,0.376971024396463
"Cyclopoida_BiomassConcentration_ugpL",3,"sunrise4","2020-08-13",0.14668655488385,0.85331344511615
"Cyclopoida_BiomassConcentration_ugpL",3,"sunset1","2020-08-12",0.455009683376455,0.544990316623545
"Cyclopoida_BiomassConcentration_ugpL",3,"sunset2","2020-08-12",0.244548020268438,0.755451979731562
"Cyclopoida_BiomassConcentration_ugpL",3,"sunset3","2020-08-12",0.278290334480828,0.721709665519172
"Cyclopoida_BiomassConcentration_ugpL",3,"sunset4","2020-08-12",0.621065212838904,0.378934787161096
"Cyclopoida_BiomassConcentration_ugpL",4,"midnight","2021-06-16",0.64266911646325,0.35733088353675
"Cyclopoida_BiomassConcentration_ugpL",4,"noon","2021-06-15",0.291924107168028,0.708075892831972
"Cyclopoida_BiomassConcentration_ugpL",4,"noon2","2021-06-16",0.69173246450067,0.308267535499329
"Cyclopoida_BiomassConcentration_ugpL",4,"sunrise1","2021-06-16",0.740674181019134,0.259325818980866
"Cyclopoida_BiomassConcentration_ugpL",4,"sunrise2","2021-06-16",0.542999040859382,0.457000959140618
"Cyclopoida_BiomassConcentration_ugpL",4,"sunrise3","2021-06-16",0.393099177233153,0.606900822766847
"Cyclopoida_BiomassConcentration_ugpL",4,"sunrise4","2021-06-16",0.270450434659756,0.729549565340244
"Cyclopoida_BiomassConcentration_ugpL",4,"sunset1","2021-06-15",0.301090635557388,0.698909364442612
"Cyclopoida_BiomassConcentration_ugpL",4,"sunset2","2021-06-15",0.056960810974271,0.943039189025729
"Cyclopoida_BiomassConcentration_ugpL",4,"sunset3","2021-06-15",0.49450487133191,0.50549512866809
"Cyclopoida_BiomassConcentration_ugpL",4,"sunset4","2021-06-15",0.120581290427237,0.879418709572763
"Cyclopoida_BiomassConcentration_ugpL",5,"midnight","2021-07-08",0.264523702663793,0.735476297336207
"Cyclopoida_BiomassConcentration_ugpL",5,"noon","2021-07-07",0.137784122664668,0.862215877335332
"Cyclopoida_BiomassConcentration_ugpL",5,"noon2","2021-07-08",0.0443517838549232,0.955648216145077
"Cyclopoida_BiomassConcentration_ugpL",5,"sunrise1","2021-07-08",0.67261839382498,0.32738160617502
"Cyclopoida_BiomassConcentration_ugpL",5,"sunrise2","2021-07-08",0.602844036455994,0.397155963544006
"Cyclopoida_BiomassConcentration_ugpL",5,"sunrise3","2021-07-08",0.27321856305173,0.72678143694827
"Cyclopoida_BiomassConcentration_ugpL",5,"sunrise4","2021-07-08",0.420054690700617,0.579945309299383
"Cyclopoida_BiomassConcentration_ugpL",5,"sunset1","2021-07-07",0.0572397805644043,0.942760219435596
"Cyclopoida_BiomassConcentration_ugpL",5,"sunset2","2021-07-07",0.0401292781401097,0.95987072185989
"Cyclopoida_BiomassConcentration_ugpL",5,"sunset3","2021-07-07",0.0186598305587286,0.981340169441271
"Cyclopoida_BiomassConcentration_ugpL",5,"sunset4","2021-07-07",0.0987574739440847,0.901242526055915
"Cyclopoida_density_NopL",1,"midnight","2019-07-11",0.193548387096774,0.806451612903226
"Cyclopoida_density_NopL",1,"noon","2019-07-10",0.349775784753363,0.650224215246637
"Cyclopoida_density_NopL",1,"noon2","2019-07-11",0.268187350319972,0.731812649680028
"Cyclopoida_density_NopL",1,"sunrise1","2019-07-11",0.433962264150942,0.566037735849058
"Cyclopoida_density_NopL",1,"sunrise2","2019-07-11",0.453781512605042,0.546218487394958
"Cyclopoida_density_NopL",1,"sunrise3","2019-07-11",0.191616766467066,0.808383233532934
"Cyclopoida_density_NopL",1,"sunrise4","2019-07-11",0.0522727272727272,0.947727272727273
"Cyclopoida_density_NopL",1,"sunset1","2019-07-10",0.123586429725364,0.876413570274636
"Cyclopoida_density_NopL",1,"sunset2","2019-07-10",0.0824295010845988,0.917570498915401
"Cyclopoida_density_NopL",1,"sunset3","2019-07-10",0.0639658848614072,0.936034115138593
"Cyclopoida_density_NopL",1,"sunset4","2019-07-10",0.152626362735382,0.847373637264618
"Cyclopoida_density_NopL",2,"midnight","2019-07-25",0.235668789808917,0.764331210191083
"Cyclopoida_density_NopL",2,"noon","2019-07-24",0.310880829015545,0.689119170984455
"Cyclopoida_density_NopL",2,"noon2","2019-07-25",0.611423974255833,0.388576025744167
"Cyclopoida_density_NopL",2,"sunrise1","2019-07-25",0.463414634146342,0.536585365853658
"Cyclopoida_density_NopL",2,"sunrise2","2019-07-25",0.416666666666668,0.583333333333333
"Cyclopoida_density_NopL",2,"sunrise3","2019-07-25",0.194171630977298,0.805828369022702
"Cyclopoida_density_NopL",2,"sunrise4","2019-07-25",0.371069182389937,0.628930817610063
"Cyclopoida_density_NopL",2,"sunset1","2019-07-24",0.159894575005491,0.840105424994509
"Cyclopoida_density_NopL",2,"sunset2","2019-07-24",0.128919860627178,0.871080139372822
"Cyclopoida_density_NopL",2,"sunset3","2019-07-24",0.0992321323095098,0.90076786769049
"Cyclopoida_density_NopL",2,"sunset4","2019-07-24",0.233055885850178,0.766944114149821
"Cyclopoida_density_NopL",3,"midnight","2020-08-13",0.803874092009685,0.196125907990315
"Cyclopoida_density_NopL",3,"noon","2020-08-12",0.916666666666667,0.0833333333333333
"Cyclopoida_density_NopL",3,"noon2","2020-08-13",0.0659824046920823,0.934017595307918
"Cyclopoida_density_NopL",3,"sunrise1","2020-08-13",0.482593211715968,0.517406788284032
"Cyclopoida_density_NopL",3,"sunrise2","2020-08-13",0.784313725490196,0.215686274509804
"Cyclopoida_density_NopL",3,"sunrise3","2020-08-13",0.554649265905384,0.445350734094616
"Cyclopoida_density_NopL",3,"sunrise4","2020-08-13",0.142095914742451,0.857904085257549
"Cyclopoida_density_NopL",3,"sunset1","2020-08-12",0.157068062827225,0.842931937172774
"Cyclopoida_density_NopL",3,"sunset2","2020-08-12",0.195071868583162,0.804928131416838
"Cyclopoida_density_NopL",3,"sunset3","2020-08-12",0.402439024390243,0.597560975609757
"Cyclopoida_density_NopL",3,"sunset4","2020-08-12",0.642431466030989,0.357568533969011
"Cyclopoida_density_NopL",4,"midnight","2021-06-16",0.567567567567568,0.432432432432432
"Cyclopoida_density_NopL",4,"noon","2021-06-15",0.392349190779794,0.607650809220206
"Cyclopoida_density_NopL",4,"noon2","2021-06-16",0.681818181818183,0.318181818181817
"Cyclopoida_density_NopL",4,"sunrise1","2021-06-16",0.492957746478873,0.507042253521127
"Cyclopoida_density_NopL",4,"sunrise2","2021-06-16",0.576059850374065,0.423940149625935
"Cyclopoida_density_NopL",4,"sunrise3","2021-06-16",0.518518518518518,0.481481481481482
"Cyclopoida_density_NopL",4,"sunrise4","2021-06-16",0.318181818181818,0.681818181818182
"Cyclopoida_density_NopL",4,"sunset1","2021-06-15",0.199999999999999,0.800000000000001
"Cyclopoida_density_NopL",4,"sunset2","2021-06-15",0.0434782608695653,0.956521739130435
"Cyclopoida_density_NopL",4,"sunset3","2021-06-15",0.310344827586207,0.689655172413793
"Cyclopoida_density_NopL",4,"sunset4","2021-06-15",0.331476323119776,0.668523676880224
"Cyclopoida_density_NopL",5,"midnight","2021-07-08",0.317675750185558,0.682324249814442
"Cyclopoida_density_NopL",5,"noon","2021-07-07",0.256133361291676,0.743866638708324
"Cyclopoida_density_NopL",5,"noon2","2021-07-08",0.207920792079208,0.792079207920792
"Cyclopoida_density_NopL",5,"sunrise1","2021-07-08",0.459459459459459,0.540540540540541
"Cyclopoida_density_NopL",5,"sunrise2","2021-07-08",0.660377358490565,0.339622641509435
"Cyclopoida_density_NopL",5,"sunrise3","2021-07-08",0.285714285714285,0.714285714285715
"Cyclopoida_density_NopL",5,"sunrise4","2021-07-08",0.555555555555556,0.444444444444444
"Cyclopoida_density_NopL",5,"sunset1","2021-07-07",0.333333333333333,0.666666666666667
"Cyclopoida_density_NopL",5,"sunset2","2021-07-07",0.11764705882353,0.88235294117647
"Cyclopoida_density_NopL",5,"sunset3","2021-07-07",0.0909090909090909,0.909090909090909
"Cyclopoida_density_NopL",5,"sunset4","2021-07-07",0.265306122448979,0.734693877551021
"nauplius_BiomassConcentration_ugpL",1,"midnight","2019-07-11",0.0622104019475877,0.937789598052412
"nauplius_BiomassConcentration_ugpL",1,"noon","2019-07-10",0.450780101462043,0.549219898537958
"nauplius_BiomassConcentration_ugpL",1,"noon2","2019-07-11",0.175377030744992,0.824622969255009
"nauplius_BiomassConcentration_ugpL",1,"sunrise1","2019-07-11",0.260456835284374,0.739543164715626
"nauplius_BiomassConcentration_ugpL",1,"sunrise2","2019-07-11",0.179955022086064,0.820044977913936
"nauplius_BiomassConcentration_ugpL",1,"sunrise3","2019-07-11",0.122737958530655,0.877262041469345
"nauplius_BiomassConcentration_ugpL",1,"sunrise4","2019-07-11",0.175292923683332,0.824707076316668
"nauplius_BiomassConcentration_ugpL",1,"sunset1","2019-07-10",0.0544012469831135,0.945598753016887
"nauplius_BiomassConcentration_ugpL",1,"sunset2","2019-07-10",0.111847068614068,0.888152931385932
"nauplius_BiomassConcentration_ugpL",1,"sunset3","2019-07-10",0.0390868390740918,0.960913160925908
"nauplius_BiomassConcentration_ugpL",1,"sunset4","2019-07-10",0.0947975956894952,0.905202404310505
"nauplius_BiomassConcentration_ugpL",2,"midnight","2019-07-25",0.241709157973603,0.758290842026397
"nauplius_BiomassConcentration_ugpL",2,"noon","2019-07-24",0.428502617566189,0.571497382433811
"nauplius_BiomassConcentration_ugpL",2,"noon2","2019-07-25",0.39912043375532,0.60087956624468
"nauplius_BiomassConcentration_ugpL",2,"sunrise1","2019-07-25",0.198726825650493,0.801273174349507
"nauplius_BiomassConcentration_ugpL",2,"sunrise2","2019-07-25",0.214469015446216,0.785530984553784
"nauplius_BiomassConcentration_ugpL",2,"sunrise3","2019-07-25",0.164554658342811,0.835445341657189
"nauplius_BiomassConcentration_ugpL",2,"sunrise4","2019-07-25",0.198961102432923,0.801038897567077
"nauplius_BiomassConcentration_ugpL",2,"sunset1","2019-07-24",0.0957904234593831,0.904209576540617
"nauplius_BiomassConcentration_ugpL",2,"sunset2","2019-07-24",0.100834638999365,0.899165361000635
"nauplius_BiomassConcentration_ugpL",2,"sunset3","2019-07-24",0.109249067427757,0.890750932572243
"nauplius_BiomassConcentration_ugpL",2,"sunset4","2019-07-24",0.175861030316173,0.824138969683827
"nauplius_BiomassConcentration_ugpL",3,"midnight","2020-08-13",0.622726601358491,0.377273398641509
"nauplius_BiomassConcentration_ugpL",3,"noon","2020-08-12",0.754263360899668,0.245736639100332
"nauplius_BiomassConcentration_ugpL",3,"noon2","2020-08-13",0.176662881806094,0.823337118193906
"nauplius_BiomassConcentration_ugpL",3,"sunrise1","2020-08-13",0.701440383579513,0.298559616420486
"nauplius_BiomassConcentration_ugpL",3,"sunrise2","2020-08-13",0.703032916170345,0.296967083829655
"nauplius_BiomassConcentration_ugpL",3,"sunrise3","2020-08-13",0.385883373388292,0.614116626611708
"nauplius_BiomassConcentration_ugpL",3,"sunrise4","2020-08-13",0.103752460677299,0.896247539322701
"nauplius_BiomassConcentration_ugpL",3,"sunset1","2020-08-12",0.0717213254412811,0.928278674558719
"nauplius_BiomassConcentration_ugpL",3,"sunset2","2020-08-12",0.0961553797603536,0.903844620239646
"nauplius_BiomassConcentration_ugpL",3,"sunset3","2020-08-12",0.176687032357676,0.823312967642324
"nauplius_BiomassConcentration_ugpL",3,"sunset4","2020-08-12",0.324201875190985,0.675798124809015
"nauplius_BiomassConcentration_ugpL",4,"midnight","2021-06-16",0.478734556232431,0.521265443767569
"nauplius_BiomassConcentration_ugpL",4,"noon","2021-06-15",0.341482172211607,0.658517827788393
"nauplius_BiomassConcentration_ugpL",4,"noon2","2021-06-16",0.543453570600932,0.456546429399068
"nauplius_BiomassConcentration_ugpL",4,"sunrise1","2021-06-16",0.419612806705936,0.580387193294064
"nauplius_BiomassConcentration_ugpL",4,"sunrise2","2021-06-16",0.356353460847279,0.643646539152721
"nauplius_BiomassConcentration_ugpL",4,"sunrise3","2021-06-16",0.398554625610269,0.601445374389731
"nauplius_BiomassConcentration_ugpL",4,"sunrise4","2021-06-16",0.449602918565223,0.550397081434777
"nauplius_BiomassConcentration_ugpL",4,"sunset1","2021-06-15",0.280073792915827,0.719926207084173
"nauplius_BiomassConcentration_ugpL",4,"sunset2","2021-06-15",0.147670567705037,0.852329432294963
"nauplius_BiomassConcentration_ugpL",4,"sunset3","2021-06-15",0.419620468387935,0.580379531612065
"nauplius_BiomassConcentration_ugpL",4,"sunset4","2021-06-15",0.310142788643969,0.689857211356031
"nauplius_BiomassConcentration_ugpL",5,"midnight","2021-07-08",0.484510563666902,0.515489436333098
"nauplius_BiomassConcentration_ugpL",5,"noon","2021-07-07",0.247151410270251,0.752848589729749
"nauplius_BiomassConcentration_ugpL",5,"noon2","2021-07-08",0.421628605986887,0.578371394013113
"nauplius_BiomassConcentration_ugpL",5,"sunrise1","2021-07-08",0.348359890551531,0.651640109448469
"nauplius_BiomassConcentration_ugpL",5,"sunrise2","2021-07-08",0.555341472683198,0.444658527316802
"nauplius_BiomassConcentration_ugpL",5,"sunrise3","2021-07-08",0.494090735008651,0.505909264991349
"nauplius_BiomassConcentration_ugpL",5,"sunrise4","2021-07-08",0.112691226820791,0.887308773179209
"nauplius_BiomassConcentration_ugpL",5,"sunset1","2021-07-07",0.306215043170084,0.693784956829916
"nauplius_BiomassConcentration_ugpL",5,"sunset2","2021-07-07",0.240992002381653,0.759007997618347
"nauplius_BiomassConcentration_ugpL",5,"sunset3","2021-07-07",0.236559688699483,0.763440311300517
"nauplius_BiomassConcentration_ugpL",5,"sunset4","2021-07-07",0.513913950388213,0.486086049611788
"nauplius_density_NopL",1,"midnight","2019-07-11",0.0601503759398496,0.93984962406015
"nauplius_density_NopL",1,"noon","2019-07-10",0.453684006961903,0.546315993038097
"nauplius_density_NopL",1,"noon2","2019-07-11",0.178563205157725,0.821436794842275
"nauplius_density_NopL",1,"sunrise1","2019-07-11",0.255014326647565,0.744985673352435
"nauplius_density_NopL",1,"sunrise2","2019-07-11",0.161735700197239,0.838264299802761
"nauplius_density_NopL",1,"sunrise3","2019-07-11",0.128073184676959,0.871926815323042
"nauplius_density_NopL",1,"sunrise4","2019-07-11",0.183431952662722,0.816568047337278
"nauplius_density_NopL",1,"sunset1","2019-07-10",0.0549424747593332,0.945057525240667
"nauplius_density_NopL",1,"sunset2","2019-07-10",0.109631949882537,0.890368050117463
"nauplius_density_NopL",1,"sunset3","2019-07-10",0.0408274360370168,0.959172563962983
"nauplius_density_NopL",1,"sunset4","2019-07-10",0.0927307610317632,0.907269238968237
"nauplius_density_NopL",2,"midnight","2019-07-25",0.246492985971943,0.753507014028057
"nauplius_density_NopL",2,"noon","2019-07-24",0.445062586926287,0.554937413073713
"nauplius_density_NopL",2,"noon2","2019-07-25",0.412290429904102,0.587709570095898
"nauplius_density_NopL",2,"sunrise1","2019-07-25",0.19811320754717,0.80188679245283
"nauplius_density_NopL",2,"sunrise2","2019-07-25",0.216157205240174,0.783842794759826
"nauplius_density_NopL",2,"sunrise3","2019-07-25",0.169786609162709,0.830213390837291
"nauplius_density_NopL",2,"sunrise4","2019-07-25",0.206921413121846,0.793078586878154
"nauplius_density_NopL",2,"sunset1","2019-07-24",0.0987188400039725,0.901281159996027
"nauplius_density_NopL",2,"sunset2","2019-07-24",0.101394849785408,0.898605150214592
"nauplius_density_NopL",2,"sunset3","2019-07-24",0.11214953271028,0.88785046728972
"nauplius_density_NopL",2,"sunset4","2019-07-24",0.182584269662921,0.817415730337078
"nauplius_density_NopL",3,"midnight","2020-08-13",0.613171001660211,0.386828998339789
"nauplius_density_NopL",3,"noon","2020-08-12",0.749098064939325,0.250901935060675
"nauplius_density_NopL",3,"noon2","2020-08-13",0.177165354330709,0.822834645669291
"nauplius_density_NopL",3,"sunrise1","2020-08-13",0.689800014001354,0.310199985998646
"nauplius_density_NopL",3,"sunrise2","2020-08-13",0.702501330494944,0.297498669505056
"nauplius_density_NopL",3,"sunrise3","2020-08-13",0.391118354043594,0.608881645956406
"nauplius_density_NopL",3,"sunrise4","2020-08-13",0.107816711590297,0.892183288409703
"nauplius_density_NopL",3,"sunset1","2020-08-12",0.0726978998384489,0.927302100161551
"nauplius_density_NopL",3,"sunset2","2020-08-12",0.09691769939625,0.90308230060375
"nauplius_density_NopL",3,"sunset3","2020-08-12",0.16269782576542,0.83730217423458
"nauplius_density_NopL",3,"sunset4","2020-08-12",0.318688315822987,0.681311684177013
"nauplius_density_NopL",4,"midnight","2021-06-16",0.467775467775468,0.532224532224532
"nauplius_density_NopL",4,"noon","2021-06-15",0.33722438391699,0.66277561608301
"nauplius_density_NopL",4,"noon2","2021-06-16",0.540000000000001,0.459999999999999
"nauplius_density_NopL",4,"sunrise1","2021-06-16",0.411764705882353,0.588235294117647
"nauplius_density_NopL",4,"sunrise2","2021-06-16",0.357664233576643,0.642335766423358
"nauplius_density_NopL",4,"sunrise3","2021-06-16",0.397590361445783,0.602409638554217
"nauplius_density_NopL",4,"sunrise4","2021-06-16",0.458239277652371,0.541760722347629
"nauplius_density_NopL",4,"sunset1","2021-06-15",0.278688524590164,0.721311475409836
"nauplius_density_NopL",4,"sunset2","2021-06-15",0.145833333333333,0.854166666666667
"nauplius_density_NopL",4,"sunset3","2021-06-15",0.422110552763819,0.577889447236181
"nauplius_density_NopL",4,"sunset4","2021-06-15",0.323562570462232,0.676437429537768
"nauplius_density_NopL",5,"midnight","2021-07-08",0.469892420775933,0.530107579224067
"nauplius_density_NopL",5,"noon","2021-07-07",0.258426966292135,0.741573033707865
"nauplius_density_NopL",5,"noon2","2021-07-08",0.415774099318403,0.584225900681597
"nauplius_density_NopL",5,"sunrise1","2021-07-08",0.343949044585986,0.656050955414014
"nauplius_density_NopL",5,"sunrise2","2021-07-08",0.549295774647887,0.450704225352113
"nauplius_density_NopL",5,"sunrise3","2021-07-08",0.49425287356322,0.50574712643678
"nauplius_density_NopL",5,"sunrise4","2021-07-08",0.113207547169812,0.886792452830188
"nauplius_density_NopL",5,"sunset1","2021-07-07",0.297297297297298,0.702702702702702
"nauplius_density_NopL",5,"sunset2","2021-07-07",0.234567901234567,0.765432098765433
"nauplius_density_NopL",5,"sunset3","2021-07-07",0.228571428571428,0.771428571428572
"nauplius_density_NopL",5,"sunset4","2021-07-07",0.51063829787234,0.48936170212766
"Rotifera_BiomassConcentration_ugpL",1,"midnight","2019-07-11",0.744860695766394,0.255139304233605
"Rotifera_BiomassConcentration_ugpL",1,"noon","2019-07-10",0.947002221003763,0.052997778996237
"Rotifera_BiomassConcentration_ugpL",1,"noon2","2019-07-11",0.337700385946015,0.662299614053985
"Rotifera_BiomassConcentration_ugpL",1,"sunrise1","2019-07-11",0.992768198102121,0.00723180189787941
"Rotifera_BiomassConcentration_ugpL",1,"sunrise2","2019-07-11",0.926311419249949,0.0736885807500506
"Rotifera_BiomassConcentration_ugpL",1,"sunrise3","2019-07-11",0.15193661892287,0.84806338107713
"Rotifera_BiomassConcentration_ugpL",1,"sunrise4","2019-07-11",0.246010474611528,0.753989525388472
"Rotifera_BiomassConcentration_ugpL",1,"sunset1","2019-07-10",0.0213340682315884,0.978665931768412
"Rotifera_BiomassConcentration_ugpL",1,"sunset2","2019-07-10",0.301683371014618,0.698316628985382
"Rotifera_BiomassConcentration_ugpL",1,"sunset3","2019-07-10",0.315673265889039,0.684326734110961
"Rotifera_BiomassConcentration_ugpL",1,"sunset4","2019-07-10",0.210047445865798,0.789952554134202
"Rotifera_BiomassConcentration_ugpL",2,"midnight","2019-07-25",0.227909919441426,0.772090080558574
"Rotifera_BiomassConcentration_ugpL",2,"noon","2019-07-24",0.387662878385406,0.612337121614594
"Rotifera_BiomassConcentration_ugpL",2,"noon2","2019-07-25",0.176485486643863,0.823514513356137
"Rotifera_BiomassConcentration_ugpL",2,"sunrise1","2019-07-25",0.115171465490917,0.884828534509083
"Rotifera_BiomassConcentration_ugpL",2,"sunrise2","2019-07-25",0.172736997572935,0.827263002427065
"Rotifera_BiomassConcentration_ugpL",2,"sunrise3","2019-07-25",0.174074505385932,0.825925494614068
"Rotifera_BiomassConcentration_ugpL",2,"sunrise4","2019-07-25",0.130061285146465,0.869938714853535
"Rotifera_BiomassConcentration_ugpL",2,"sunset1","2019-07-24",0.0482566256031843,0.951743374396816
"Rotifera_BiomassConcentration_ugpL",2,"sunset2","2019-07-24",0.0769274219873956,0.923072578012604
"Rotifera_BiomassConcentration_ugpL",2,"sunset3","2019-07-24",0.199715890979756,0.800284109020244
"Rotifera_BiomassConcentration_ugpL",2,"sunset4","2019-07-24",0.124595118278696,0.875404881721304
"Rotifera_BiomassConcentration_ugpL",3,"midnight","2020-08-13",0.629312336226278,0.370687663773722
"Rotifera_BiomassConcentration_ugpL",3,"noon","2020-08-12",0.465955942384104,0.534044057615896
"Rotifera_BiomassConcentration_ugpL",3,"noon2","2020-08-13",0.554546100561295,0.445453899438705
"Rotifera_BiomassConcentration_ugpL",3,"sunrise1","2020-08-13",0.872958487360998,0.127041512639002
"Rotifera_BiomassConcentration_ugpL",3,"sunrise2","2020-08-13",0.6526547403617,0.347345259638299
"Rotifera_BiomassConcentration_ugpL",3,"sunrise3","2020-08-13",0.737670965470595,0.262329034529405
"Rotifera_BiomassConcentration_ugpL",3,"sunrise4","2020-08-13",0.807979823103769,0.192020176896231
"Rotifera_BiomassConcentration_ugpL",3,"sunset1","2020-08-12",0.571110170460794,0.428889829539206
"Rotifera_BiomassConcentration_ugpL",3,"sunset2","2020-08-12",0.685229916369361,0.314770083630639
"Rotifera_BiomassConcentration_ugpL",3,"sunset3","2020-08-12",0.711733040673905,0.288266959326095
"Rotifera_BiomassConcentration_ugpL",3,"sunset4","2020-08-12",0.632014678249392,0.367985321750608
"Rotifera_BiomassConcentration_ugpL",4,"midnight","2021-06-16",0.627414481039325,0.372585518960675
"Rotifera_BiomassConcentration_ugpL",4,"noon","2021-06-15",0.367832874102019,0.632167125897981
"Rotifera_BiomassConcentration_ugpL",4,"noon2","2021-06-16",0.623716915553841,0.376283084446159
"Rotifera_BiomassConcentration_ugpL",4,"sunrise1","2021-06-16",0.38084532671415,0.61915467328585
"Rotifera_BiomassConcentration_ugpL",4,"sunrise2","2021-06-16",0.503898887456652,0.496101112543348
"Rotifera_BiomassConcentration_ugpL",4,"sunrise3","2021-06-16",0.661885689464455,0.338114310535545
"Rotifera_BiomassConcentration_ugpL",4,"sunrise4","2021-06-16",0.636441083095924,0.363558916904076
"Rotifera_BiomassConcentration_ugpL",4,"sunset1","2021-06-15",0.389242455957911,0.610757544042089
"Rotifera_BiomassConcentration_ugpL",4,"sunset2","2021-06-15",0.279214953106958,0.720785046893042
"Rotifera_BiomassConcentration_ugpL",4,"sunset3","2021-06-15",0.569869034082657,0.430130965917343
"Rotifera_BiomassConcentration_ugpL",4,"sunset4","2021-06-15",0.733937430770877,0.266062569229123
"Rotifera_BiomassConcentration_ugpL",5,"midnight","2021-07-08",0.729665647506298,0.270334352493702
"Rotifera_BiomassConcentration_ugpL",5,"noon","2021-07-07",0.221462495842962,0.778537504157038
"Rotifera_BiomassConcentration_ugpL",5,"noon2","2021-07-08",0.498094115937279,0.501905884062721
"Rotifera_BiomassConcentration_ugpL",5,"sunrise1","2021-07-08",0.314916880043421,0.685083119956579
"Rotifera_BiomassConcentration_ugpL",5,"sunrise2","2021-07-08",0.62905939490525,0.37094060509475
"Rotifera_BiomassConcentration_ugpL",5,"sunrise3","2021-07-08",0.369562645310059,0.630437354689941
"Rotifera_BiomassConcentration_ugpL",5,"sunrise4","2021-07-08",0.238266969206298,0.761733030793702
"Rotifera_BiomassConcentration_ugpL",5,"sunset1","2021-07-07",0.686274797856876,0.313725202143123
"Rotifera_BiomassConcentration_ugpL",5,"sunset2","2021-07-07",0.463281558655176,0.536718441344824
"Rotifera_BiomassConcentration_ugpL",5,"sunset3","2021-07-07",0.749645786180487,0.250354213819513
"Rotifera_BiomassConcentration_ugpL",5,"sunset4","2021-07-07",0.49893493350598,0.50106506649402
"Rotifera_density_NopL",1,"midnight","2019-07-11",0.255356722392277,0.744643277607723
"Rotifera_density_NopL",1,"noon","2019-07-10",0.438854489164087,0.561145510835913
"Rotifera_density_NopL",1,"noon2","2019-07-11",0.280557744104659,0.719442255895341
"Rotifera_density_NopL",1,"sunrise1","2019-07-11",0.558521560574948,0.441478439425052
"Rotifera_density_NopL",1,"sunrise2","2019-07-11",0.239234449760765,0.760765550239235
"Rotifera_density_NopL",1,"sunrise3","2019-07-11",0.18531040932307,0.81468959067693
"Rotifera_density_NopL",1,"sunrise4","2019-07-11",0.18503937007874,0.81496062992126
"Rotifera_density_NopL",1,"sunset1","2019-07-10",0.109836328626444,0.890163671373556
"Rotifera_density_NopL",1,"sunset2","2019-07-10",0.249091459721382,0.750908540278618
"Rotifera_density_NopL",1,"sunset3","2019-07-10",0.244501940491592,0.755498059508408
"Rotifera_density_NopL",1,"sunset4","2019-07-10",0.193663067146603,0.806336932853397
"Rotifera_density_NopL",2,"midnight","2019-07-25",0.209302325581396,0.790697674418604
"Rotifera_density_NopL",2,"noon","2019-07-24",0.422801851072781,0.577198148927219
"Rotifera_density_NopL",2,"noon2","2019-07-25",0.273795636623058,0.726204363376941
"Rotifera_density_NopL",2,"sunrise1","2019-07-25",0.093620927030748,0.906379072969252
"Rotifera_density_NopL",2,"sunrise2","2019-07-25",0.123076923076923,0.876923076923077
"Rotifera_density_NopL",2,"sunrise3","2019-07-25",0.155309902535759,0.844690097464241
"Rotifera_density_NopL",2,"sunrise4","2019-07-25",0.129526462395543,0.870473537604457
"Rotifera_density_NopL",2,"sunset1","2019-07-24",0.105628556483698,0.894371443516302
"Rotifera_density_NopL",2,"sunset2","2019-07-24",0.0782320964311038,0.921767903568896
"Rotifera_density_NopL",2,"sunset3","2019-07-24",0.124203821656051,0.875796178343949
"Rotifera_density_NopL",2,"sunset4","2019-07-24",0.139175257731959,0.860824742268041
"Rotifera_density_NopL",3,"midnight","2020-08-13",0.669933184855234,0.330066815144766
"Rotifera_density_NopL",3,"noon","2020-08-12",0.631379962192817,0.368620037807183
"Rotifera_density_NopL",3,"noon2","2020-08-13",0.798848186190109,0.201151813809891
"Rotifera_density_NopL",3,"sunrise1","2020-08-13",0.793577516804973,0.206422483195027
"Rotifera_density_NopL",3,"sunrise2","2020-08-13",0.737636211232187,0.262363788767812
"Rotifera_density_NopL",3,"sunrise3","2020-08-13",0.786579423639148,0.213420576360852
"Rotifera_density_NopL",3,"sunrise4","2020-08-13",0.772513404092351,0.227486595907649
"Rotifera_density_NopL",3,"sunset1","2020-08-12",0.638226776564936,0.361773223435064
"Rotifera_density_NopL",3,"sunset2","2020-08-12",0.500096855427133,0.499903144572867
"Rotifera_density_NopL",3,"sunset3","2020-08-12",0.712021469367159,0.287978530632841
"Rotifera_density_NopL",3,"sunset4","2020-08-12",0.571173317450863,0.428826682549137
"Rotifera_density_NopL",4,"midnight","2021-06-16",0.575342465753425,0.424657534246575
"Rotifera_density_NopL",4,"noon","2021-06-15",0.451275585879562,0.548724414120438
"Rotifera_density_NopL",4,"noon2","2021-06-16",0.631486367634125,0.368513632365875
"Rotifera_density_NopL",4,"sunrise1","2021-06-16",0.50420954162769,0.49579045837231
"Rotifera_density_NopL",4,"sunrise2","2021-06-16",0.473684210526314,0.526315789473685
"Rotifera_density_NopL",4,"sunrise3","2021-06-16",0.632428718653384,0.367571281346616
"Rotifera_density_NopL",4,"sunrise4","2021-06-16",0.63596764156814,0.36403235843186
"Rotifera_density_NopL",4,"sunset1","2021-06-15",0.33743842364532,0.66256157635468
"Rotifera_density_NopL",4,"sunset2","2021-06-15",0.454673225579762,0.545326774420238
"Rotifera_density_NopL",4,"sunset3","2021-06-15",0.517889630078836,0.482110369921164
"Rotifera_density_NopL",4,"sunset4","2021-06-15",0.522620038856508,0.477379961143492
"Rotifera_density_NopL",5,"midnight","2021-07-08",0.542179648682443,0.457820351317557
"Rotifera_density_NopL",5,"noon","2021-07-07",0.275384265919587,0.724615734080413
"Rotifera_density_NopL",5,"noon2","2021-07-08",0.574221913687378,0.425778086312622
"Rotifera_density_NopL",5,"sunrise1","2021-07-08",0.457844183564567,0.542155816435433
"Rotifera_density_NopL",5,"sunrise2","2021-07-08",0.505494505494506,0.494505494505493
"Rotifera_density_NopL",5,"sunrise3","2021-07-08",0.446009389671362,0.553990610328638
"Rotifera_density_NopL",5,"sunrise4","2021-07-08",0.390609390609391,0.609390609390609
"Rotifera_density_NopL",5,"sunset1","2021-07-07",0.569303054032888,0.430696945967112
"Rotifera_density_NopL",5,"sunset2","2021-07-07",0.51458661179034,0.48541338820966
"Rotifera_density_NopL",5,"sunset3","2021-07-07",0.537541528239203,0.462458471760797
"Rotifera_density_NopL",5,"sunset4","2021-07-07",0.559173947577442,0.440826052422558
"ZoopDensity_No.pL",1,"midnight","2019-07-11",0.115665356541269,0.884334643458731
"ZoopDensity_No.pL",1,"noon","2019-07-10",0.435445665170212,0.564554334829788
"ZoopDensity_No.pL",1,"noon2","2019-07-11",0.259215547425154,0.740784452574846
"ZoopDensity_No.pL",1,"sunrise1","2019-07-11",0.307167235494881,0.692832764505119
"ZoopDensity_No.pL",1,"sunrise2","2019-07-11",0.19560878243513,0.80439121756487
"ZoopDensity_No.pL",1,"sunrise3","2019-07-11",0.150641025641026,0.849358974358974
"ZoopDensity_No.pL",1,"sunrise4","2019-07-11",0.143748699812773,0.856251300187227
"ZoopDensity_No.pL",1,"sunset1","2019-07-10",0.0865139468565278,0.913486053143472
"ZoopDensity_No.pL",1,"sunset2","2019-07-10",0.190276207397836,0.809723792602164
"ZoopDensity_No.pL",1,"sunset3","2019-07-10",0.143569844789357,0.856430155210643
"ZoopDensity_No.pL",1,"sunset4","2019-07-10",0.110744434517841,0.88925556548216
"ZoopDensity_No.pL",2,"midnight","2019-07-25",0.206030150753768,0.793969849246232
"ZoopDensity_No.pL",2,"noon","2019-07-24",0.398221776970759,0.601778223029241
"ZoopDensity_No.pL",2,"noon2","2019-07-25",0.293768415497602,0.706231584502398
"ZoopDensity_No.pL",2,"sunrise1","2019-07-25",0.187874251497006,0.812125748502994
"ZoopDensity_No.pL",2,"sunrise2","2019-07-25",0.187239944521498,0.812760055478502
"ZoopDensity_No.pL",2,"sunrise3","2019-07-25",0.164754782909199,0.835245217090801
"ZoopDensity_No.pL",2,"sunrise4","2019-07-25",0.155405405405405,0.844594594594595
"ZoopDensity_No.pL",2,"sunset1","2019-07-24",0.103982569676745,0.896017430323255
"ZoopDensity_No.pL",2,"sunset2","2019-07-24",0.0864826230679889,0.913517376932011
"ZoopDensity_No.pL",2,"sunset3","2019-07-24",0.115720524017467,0.884279475982533
"ZoopDensity_No.pL",2,"sunset4","2019-07-24",0.168891468369124,0.831108531630876
"ZoopDensity_No.pL",3,"midnight","2020-08-13",0.751819226350058,0.248180773649942
"ZoopDensity_No.pL",3,"noon","2020-08-12",0.648027083819752,0.351972916180248
"ZoopDensity_No.pL",3,"noon2","2020-08-13",0.550237665956401,0.449762334043599
"ZoopDensity_No.pL",3,"sunrise1","2020-08-13",0.822007891275756,0.177992108724244
"ZoopDensity_No.pL",3,"sunrise2","2020-08-13",0.908138316451275,0.0918616835487251
"ZoopDensity_No.pL",3,"sunrise3","2020-08-13",0.730191025206285,0.269808974793715
"ZoopDensity_No.pL",3,"sunrise4","2020-08-13",0.585708022797018,0.414291977202982
"ZoopDensity_No.pL",3,"sunset1","2020-08-12",0.494745723709442,0.505254276290558
"ZoopDensity_No.pL",3,"sunset2","2020-08-12",0.40504009163803,0.59495990836197
"ZoopDensity_No.pL",3,"sunset3","2020-08-12",0.615797996334324,0.384202003665676
"ZoopDensity_No.pL",3,"sunset4","2020-08-12",0.526614068229803,0.473385931770197
"ZoopDensity_No.pL",4,"midnight","2021-06-16",0.510167597765363,0.489832402234637
"ZoopDensity_No.pL",4,"noon","2021-06-15",0.398802992518704,0.601197007481296
"ZoopDensity_No.pL",4,"noon2","2021-06-16",0.614017267648552,0.385982732351448
"ZoopDensity_No.pL",4,"sunrise1","2021-06-16",0.456260720411664,0.543739279588336
"ZoopDensity_No.pL",4,"sunrise2","2021-06-16",0.428739693757363,0.571260306242637
"ZoopDensity_No.pL",4,"sunrise3","2021-06-16",0.53083109919571,0.46916890080429
"ZoopDensity_No.pL",4,"sunrise4","2021-06-16",0.457376786000963,0.542623213999037
"ZoopDensity_No.pL",4,"sunset1","2021-06-15",0.311637080867849,0.688362919132151
"ZoopDensity_No.pL",4,"sunset2","2021-06-15",0.253561253561253,0.746438746438747
"ZoopDensity_No.pL",4,"sunset3","2021-06-15",0.412182020877673,0.587817979122327
"ZoopDensity_No.pL",4,"sunset4","2021-06-15",0.259787443550304,0.740212556449696
"ZoopDensity_No.pL",5,"midnight","2021-07-08",0.500459354043691,0.499540645956309
"ZoopDensity_No.pL",5,"noon","2021-07-07",0.262277238881435,0.737722761118565
"ZoopDensity_No.pL",5,"noon2","2021-07-08",0.54743072652035,0.45256927347965
"ZoopDensity_No.pL",5,"sunrise1","2021-07-08",0.363828289936664,0.636171710063336
"ZoopDensity_No.pL",5,"sunrise2","2021-07-08",0.491510277033066,0.508489722966934
"ZoopDensity_No.pL",5,"sunrise3","2021-07-08",0.433198380566801,0.566801619433199
"ZoopDensity_No.pL",5,"sunrise4","2021-07-08",0.366069403492856,0.633930596507144
"ZoopDensity_No.pL",5,"sunset1","2021-07-07",0.533101045296168,0.466898954703833
"ZoopDensity_No.pL",5,"sunset2","2021-07-07",0.485155120649393,0.514844879350607
"ZoopDensity_No.pL",5,"sunset3","2021-07-07",0.471277189068599,0.528722810931401
"ZoopDensity_No.pL",5,"sunset4","2021-07-07",0.500630517023959,0.499369482976041
